Automated update on Tue Oct 21 08:25:26 UTC 2025
Automated update on Wed Oct 22 07:37:03 UTC 2025
Automated update on Thu Oct 23 07:36:36 UTC 2025
Automated update on Fri Oct 24 07:34:44 UTC 2025
Automated update on Sat Oct 25 07:32:57 UTC 2025
Automated update on Sun Oct 26 07:32:56 UTC 2025
Automated update on Mon Oct 27 07:36:57 UTC 2025
Automated update on Tue Oct 28 07:37:06 UTC 2025
Automated update on Wed Oct 29 07:37:24 UTC 2025
Automated update on Thu Oct 30 07:35:21 UTC 2025
Automated update on Fri Oct 31 07:35:05 UTC 2025
Automated update on Sat Nov  1 07:32:53 UTC 2025
Automated update on Sun Nov  2 07:33:06 UTC 2025
Automated update on Mon Nov  3 07:36:54 UTC 2025
